Workbook

Sheet SalesData
A1: OrderID | B1: OrderDate | C1: Region | D1: Salesperson | E1: ProductID | F1: ProductName | G1: Category | H1: UnitPrice | I1: Quantity | J1: DiscountRate | K1: Revenue | L1: UnitCost | M1: Profit | N1: CustomerType | O1: Channel | P1: Returned | Q1: Notes
A2: ORD-0001 | B2: 46029 | C2: North | D2: Leo | E2: P002 | F2: DeskHub 8-in-1 | G2: Electronics | H2: 219 | I2: 8 | J2: 0 | K2: =H2*I2*(1-J2) -> 1752 | L2: 121 | M2: =K2-L2*I2 -> 784 | N2: Enterprise | O2: Online | P2: No
A3: ORD-0002 | B3: 46031 | C3: East | D3: Alice | E3: P007 | F3: CableKit Max | G3: Accessories | H3: 79 | I3: 7 | J3: 0 | K3: =H3*I3*(1-J3) -> 553 | L3: 28 | M3: =K3-L3*I3 -> 357 | N3: New | O3: Distributor | P3: No | Q3: Priority customer
A4: ORD-0003 | B4: 46079 | C4: West | D4: Ryan | E4: P007 | F4: CableKit Max | G4: Accessories | H4: 79 | I4: 1 | J4: 0 | K4: =H4*I4*(1-J4) -> 79 | L4: 28 | M4: =K4-L4*I4 -> 51 | N4: New | O4: Online | P4: No
A5: ORD-0004 | B5: 46049 | C5: East | D5: Kevin | E5: P006 | F5: TravelDock Lite | G5: Electronics | H5: 129 | I5: 4 | J5: 0.05 | K5: =H5*I5*(1-J5) -> 490.2 | L5: 67 | M5: =K5-L5*I5 -> 222.2 | N5: New | O5: Distributor | P5: No
A6: ORD-0005 | B6: 46160 | C6: East | D6: Kevin | E6: P008 | F6: MonitorArm X | G6: Office | H6: 269 | I6: 3 | J6: 0.1 | K6: =H6*I6*(1-J6) -> 726.3 | L6: 145 | M6: =K6-L6*I6 -> 291.3 | N6: Existing | O6: Distributor | P6: No
A7: ORD-0006 | B7: 46203 | C7: East | D7: Alice | E7: P004 | F7: CloudKeyboard Mini | G7: Electronics | H7: 399 | I7: 8 | J7: 0.05 | K7: =H7*I7*(1-J7) -> 3032.4 | L7: 230 | M7: =K7-L7*I7 -> 1192.4 | N7: New | O7: Direct Sales | P7: No
A8: ORD-0007 | B8: 46139 | C8: North | D8: Leo | E8: P005 | F8: FocusLamp | G8: Office | H8: 189 | I8: 12 | J8: 0.05 | K8: =H8*I8*(1-J8) -> 2154.6 | L8: 91 | M8: =K8-L8*I8 -> 1062.6 | N8: Enterprise | O8: Distributor | P8: No
A9: ORD-0008 | B9: 46178 | C9: South | D9: Mia | E9: P002 | F9: DeskHub 8-in-1 | G9: Electronics | H9: 219 | I9: 6 | J9: 0.08 | K9: =H9*I9*(1-J9) -> 1208.88 | L9: 121 | M9: =K9-L9*I9 -> 482.88 | N9: Enterprise | O9: Distributor | P9: No
A10: ORD-0009 | B10: 46198 | C10: North | D10: Leo | E10: P004 | F10: CloudKeyboard Mini | G10: Electronics | H10: 399 | I10: 8 | J10: 0 | K10: =H10*I10*(1-J10) -> 3192 | L10: 230 | M10: =K10-L10*I10 -> 1352 | N10: New | O10: Online | P10: No
A11: ORD-0010 | B11: 46077 | C11: West | D11: Ryan | E11: P006 | F11: TravelDock Lite | G11: Electronics | H11: 129 | I11: 15 | J11: 0 | K11: =H11*I11*(1-J11) -> 1935 | L11: 67 | M11: =K11-L11*I11 -> 930 | N11: Enterprise | O11: Distributor | P11: No
A12: ORD-0011 | B12: 46172 | C12: West | D12: Ryan | E12: P005 | F12: FocusLamp | G12: Office | H12: 189 | I12: 12 | J12: 0 | K12: =H12*I12*(1-J12) -> 2268 | L12: 91 | M12: =K12-L12*I12 -> 1176 | N12: Existing | O12: Online | P12: No
A13: ORD-0012 | B13: 46051 | C13: South | D13: Mia | E13: P001 | F13: AirMouse Pro | G13: Electronics | H13: 299 | I13: 14 | J13: 0.1 | K13: =H13*I13*(1-J13) -> 3767.4 | L13: 168 | M13: =K13-L13*I13 -> 1415.4 | N13: Enterprise | O13: Direct Sales | P13: Yes | Q13: Customer changed mind
A14: ORD-0013 | B14: 46164 | C14: East | D14: Alice | E14: P005 | F14: FocusLamp | G14: Office | H14: 189 | I14: 18 | J14: 0.05 | K14: =H14*I14*(1-J14) -> 3231.9 | L14: 91 | M14: =K14-L14*I14 -> 1593.9 | N14: Existing | O14: Direct Sales | P14: No
A15: ORD-0014 | B15: 46139 | C15: East | D15: Kevin | E15: P003 | F15: ErgoStand S2 | G15: Office | H15: 159 | I15: 17 | J15: 0 | K15: =H15*I15*(1-J15) -> 2703 | L15: 78 | M15: =K15-L15*I15 -> 1377 | N15: Enterprise | O15: Direct Sales | P15: No
A16: ORD-0015 | B16: 46062 | C16: North | D16: Leo | E16: P004 | F16: CloudKeyboard Mini | G16: Electronics | H16: 399 | I16: 18 | J16: 0.1 | K16: =H16*I16*(1-J16) -> 6463.8 | L16: 230 | M16: =K16-L16*I16 -> 2323.8 | N16: Existing | O16: Online | P16: No
A17: ORD-0016 | B17: 46115 | C17: North | D17: Leo | E17: P002 | F17: DeskHub 8-in-1 | G17: Electronics | H17: 219 | I17: 2 | J17: 0 | K17: =H17*I17*(1-J17) -> 438 | L17: 121 | M17: =K17-L17*I17 -> 196 | N17: New | O17: Distributor | P17: No
A18: ORD-0017 | B18: 46040 | C18: South | D18: Mia | E18: P008 | F18: MonitorArm X | G18: Office | H18: 269 | I18: 16 | J18: 0.1 | K18: =H18*I18*(1-J18) -> 3873.6 | L18: 145 | M18: =K18-L18*I18 -> 1553.6 | N18: Enterprise | O18: Direct Sales | P18: No
A19: ORD-0018 | B19: 46161 | C19: South | D19: Jason | E19: P004 | F19: CloudKeyboard Mini | G19: Electronics | H19: 399 | I19: 13 | J19: 0.15 | K19: =H19*I19*(1-J19) -> 4408.95 | L19: 230 | M19: =K19-L19*I19 -> 1418.95 | N19: Enterprise | O19: Direct Sales | P19: No
A20: ORD-0019 | B20: 46086 | C20: South | D20: Mia | E20: P002 | F20: DeskHub 8-in-1 | G20: Electronics | H20: 219 | I20: 11 | J20: 0 | K20: =H20*I20*(1-J20) -> 2409 | L20: 121 | M20: =K20-L20*I20 -> 1078 | N20: New | O20: Online | P20: No
A21: ORD-0020 | B21: 46184 | C21: East | D21: Alice | E21: P002 | F21: DeskHub 8-in-1 | G21: Electronics | H21: 219 | I21: 3 | J21: 0 | K21: =H21*I21*(1-J21) -> 657 | L21: 121 | M21: =K21-L21*I21 -> 294 | N21: New | O21: Direct Sales | P21: No
A22: ORD-0021 | B22: 46077 | C22: South | D22: Jason | E22: P008 | F22: MonitorArm X | G22: Office | H22: 269 | I22: 8 | J22: 0.08 | K22: =H22*I22*(1-J22) -> 1979.84 | L22: 145 | M22: =K22-L22*I22 -> 819.84 | N22: New | O22: Distributor | P22: No
A23: ORD-0022 | B23: 46113 | C23: West | D23: Ryan | E23: P007 | F23: CableKit Max | G23: Accessories | H23: 79 | I23: 15 | J23: 0.15 | K23: =H23*I23*(1-J23) -> 1007.25 | L23: 28 | M23: =K23-L23*I23 -> 587.25 | N23: Enterprise | O23: Online | P23: Yes | Q23: Wrong model ordered
A24: ORD-0023 | B24: 46126 | C24: North | D24: Leo | E24: P001 | F24: AirMouse Pro | G24: Electronics | H24: 299 | I24: 8 | J24: 0 | K24: =H24*I24*(1-J24) -> 2392 | L24: 168 | M24: =K24-L24*I24 -> 1048 | N24: Existing | O24: Online | P24: No
A25: ORD-0024 | B25: 46141 | C25: South | D25: Mia | E25: P005 | F25: FocusLamp | G25: Office | H25: 189 | I25: 15 | J25: 0.1 | K25: =H25*I25*(1-J25) -> 2551.5 | L25: 91 | M25: =K25-L25*I25 -> 1186.5 | N25: Enterprise | O25: Online | P25: No
A26: ORD-0025 | B26: 46083 | C26: South | D26: Jason | E26: P002 | F26: DeskHub 8-in-1 | G26: Electronics | H26: 219 | I26: 16 | J26: 0.08 | K26: =H26*I26*(1-J26) -> 3223.68 | L26: 121 | M26: =K26-L26*I26 -> 1287.68 | N26: New | O26: Online | P26: No
A27: ORD-0026 | B27: 46023 | C27: West | D27: Ryan | E27: P007 | F27: CableKit Max | G27: Accessories | H27: 79 | I27: 15 | J27: 0.05 | K27: =H27*I27*(1-J27) -> 1125.75 | L27: 28 | M27: =K27-L27*I27 -> 705.75 | N27: Enterprise | O27: Distributor | P27: No
A28: ORD-0027 | B28: 46062 | C28: South | D28: Jason | E28: P008 | F28: MonitorArm X | G28: Office | H28: 269 | I28: 7 | J28: 0 | K28: =H28*I28*(1-J28) -> 1883 | L28: 145 | M28: =K28-L28*I28 -> 868 | N28: Enterprise | O28: Direct Sales | P28: No
A29: ORD-0028 | B29: 46035 | C29: West | D29: Nina | E29: P001 | F29: AirMouse Pro | G29: Electronics | H29: 299 | I29: 2 | J29: 0.1 | K29: =H29*I29*(1-J29) -> 538.2 | L29: 168 | M29: =K29-L29*I29 -> 202.2 | N29: Enterprise | O29: Online | P29: No
A30: ORD-0029 | B30: 46126 | C30: East | D30: Alice | E30: P004 | F30: CloudKeyboard Mini | G30: Electronics | H30: 399 | I30: 2 | J30: 0.1 | K30: =H30*I30*(1-J30) -> 718.2 | L30: 230 | M30: =K30-L30*I30 -> 258.2 | N30: Enterprise | O30: Distributor | P30: No
A31: ORD-0030 | B31: 46089 | C31: South | D31: Jason | E31: P006 | F31: TravelDock Lite | G31: Electronics | H31: 129 | I31: 8 | J31: 0.05 | K31: =H31*I31*(1-J31) -> 980.4 | L31: 67 | M31: =K31-L31*I31 -> 444.4 | N31: Existing | O31: Direct Sales | P31: No
A32: ORD-0031 | B32: 46041 | C32: East | D32: Kevin | E32: P006 | F32: TravelDock Lite | G32: Electronics | H32: 129 | I32: 4 | J32: 0 | K32: =H32*I32*(1-J32) -> 516 | L32: 67 | M32: =K32-L32*I32 -> 248 | N32: New | O32: Direct Sales | P32: No
A33: ORD-0032 | B33: 46085 | C33: North | D33: Emma | E33: P002 | F33: DeskHub 8-in-1 | G33: Electronics | H33: 219 | I33: 6 | J33: 0.08 | K33: =H33*I33*(1-J33) -> 1208.88 | L33: 121 | M33: =K33-L33*I33 -> 482.88 | N33: Enterprise | O33: Distributor | P33: No
A34: ORD-0033 | B34: 46193 | C34: North | D34: Leo | E34: P001 | F34: AirMouse Pro | G34: Electronics | H34: 299 | I34: 5 | J34: 0.05 | K34: =H34*I34*(1-J34) -> 1420.25 | L34: 168 | M34: =K34-L34*I34 -> 580.25 | N34: Enterprise | O34: Online | P34: No
A35: ORD-0034 | B35: 46095 | C35: South | D35: Jason | E35: P005 | F35: FocusLamp | G35: Office | H35: 189 | I35: 7 | J35: 0.15 | K35: =H35*I35*(1-J35) -> 1124.55 | L35: 91 | M35: =K35-L35*I35 -> 487.55 | N35: Existing | O35: Direct Sales | P35: No
... A58: ORD-0057 | B58: 46170 | C58: West | D58: Ryan | E58: P001 | F58: AirMouse Pro | G58: Electronics | H58: 299 | I58: 1 | J58: 0.05 | K58: =H58*I58*(1-J58) -> 284.05 | L58: 168 | M58: =K58-L58*I58 -> 116.05 | N58: Existing | O58: Distributor | P58: No
A59: ORD-0058 | B59: 46147 | C59: South | D59: Jason | E59: P004 | F59: CloudKeyboard Mini | G59: Electronics | H59: 399 | I59: 14 | J59: 0.08 | K59: =H59*I59*(1-J59) -> 5139.12 | L59: 230 | M59: =K59-L59*I59 -> 1919.12 | N59: Enterprise | O59: Distributor | P59: Yes | Q59: Customer changed mind
A60: ORD-0059 | B60: 46065 | C60: West | D60: Nina | E60: P007 | F60: CableKit Max | G60: Accessories | H60: 79 | I60: 18 | J60: 0 | K60: =H60*I60*(1-J60) -> 1422 | L60: 28 | M60: =K60-L60*I60 -> 918 | N60: Enterprise | O60: Online | P60: No
A61: ORD-0060 | B61: 46187 | C61: West | D61: Nina | E61: P002 | F61: DeskHub 8-in-1 | G61: Electronics | H61: 219 | I61: 15 | J61: 0 | K61: =H61*I61*(1-J61) -> 3285 | L61: 121 | M61: =K61-L61*I61 -> 1470 | N61: Existing | O61: Online | P61: Yes | Q61: Customer changed mind
A62: ORD-0061 | B62: 46106 | C62: North | D62: Emma | E62: P008 | F62: MonitorArm X | G62: Office | H62: 269 | I62: 9 | J62: 0.08 | K62: =H62*I62*(1-J62) -> 2227.32 | L62: 145 | M62: =K62-L62*I62 -> 922.32 | N62: New | O62: Distributor | P62: No
A63: ORD-0062 | B63: 46112 | C63: South | D63: Mia | E63: P001 | F63: AirMouse Pro | G63: Electronics | H63: 299 | I63: 2 | J63: 0 | K63: =H63*I63*(1-J63) -> 598 | L63: 168 | M63: =K63-L63*I63 -> 262 | N63: New | O63: Distributor | P63: No
A64: ORD-0063 | B64: 46084 | C64: South | D64: Jason | E64: P003 | F64: ErgoStand S2 | G64: Office | H64: 159 | I64: 4 | J64: 0.1 | K64: =H64*I64*(1-J64) -> 572.4 | L64: 78 | M64: =K64-L64*I64 -> 260.4 | N64: Existing | O64: Direct Sales | P64: No
A65: ORD-0064 | B65: 46178 | C65: East | D65: Alice | E65: P003 | F65: ErgoStand S2 | G65: Office | H65: 159 | I65: 10 | J65: 0 | K65: =H65*I65*(1-J65) -> 1590 | L65: 78 | M65: =K65-L65*I65 -> 810 | N65: Enterprise | O65: Distributor | P65: No
A66: ORD-0065 | B66: 46124 | C66: South | D66: Mia | E66: P007 | F66: CableKit Max | G66: Accessories | H66: 79 | I66: 8 | J66: 0 | K66: =H66*I66*(1-J66) -> 632 | L66: 28 | M66: =K66-L66*I66 -> 408 | N66: Enterprise | O66: Distributor | P66: No
A67: ORD-0066 | B67: 46167 | C67: East | D67: Kevin | E67: P002 | F67: DeskHub 8-in-1 | G67: Electronics | H67: 219 | I67: 18 | J67: 0.08 | K67: =H67*I67*(1-J67) -> 3626.64 | L67: 121 | M67: =K67-L67*I67 -> 1448.64 | N67: Enterprise | O67: Direct Sales | P67: No
A68: ORD-0067 | B68: 46130 | C68: West | D68: Nina | E68: P001 | F68: AirMouse Pro | G68: Electronics | H68: 299 | I68: 14 | J68: 0.05 | K68: =H68*I68*(1-J68) -> 3976.7 | L68: 168 | M68: =K68-L68*I68 -> 1624.7 | N68: Enterprise | O68: Online | P68: No
A69: ORD-0068 | B69: 46068 | C69: North | D69: Emma | E69: P007 | F69: CableKit Max | G69: Accessories | H69: 79 | I69: 15 | J69: 0.08 | K69: =H69*I69*(1-J69) -> 1090.2 | L69: 28 | M69: =K69-L69*I69 -> 670.2 | N69: Existing | O69: Online | P69: No
A70: ORD-0069 | B70: 46094 | C70: West | D70: Nina | E70: P002 | F70: DeskHub 8-in-1 | G70: Electronics | H70: 219 | I70: 15 | J70: 0.1 | K70: =H70*I70*(1-J70) -> 2956.5 | L70: 121 | M70: =K70-L70*I70 -> 1141.5 | N70: New | O70: Direct Sales | P70: No
A71: ORD-0070 | B71: 46069 | C71: West | D71: Nina | E71: P006 | F71: TravelDock Lite | G71: Electronics | H71: 129 | I71: 12 | J71: 0.05 | K71: =H71*I71*(1-J71) -> 1470.6 | L71: 67 | M71: =K71-L71*I71 -> 666.6 | N71: Enterprise | O71: Direct Sales | P71: No
A72: ORD-0071 | B72: 46155 | C72: South | D72: Mia | E72: P001 | F72: AirMouse Pro | G72: Electronics | H72: 299 | I72: 8 | J72: 0.15 | K72: =H72*I72*(1-J72) -> 2033.2 | L72: 168 | M72: =K72-L72*I72 -> 689.2 | N72: New | O72: Distributor | P72: No
A73: ORD-0072 | B73: 46188 | C73: West | D73: Ryan | E73: P008 | F73: MonitorArm X | G73: Office | H73: 269 | I73: 1 | J73: 0 | K73: =H73*I73*(1-J73) -> 269 | L73: 145 | M73: =K73-L73*I73 -> 124 | N73: New | O73: Direct Sales | P73: No
... A85: ORD-0084 | B85: 46038 | C85: South | D85: Jason | E85: P002 | F85: DeskHub 8-in-1 | G85: Electronics | H85: 219 | I85: 10 | J85: 0.08 | K85: =H85*I85*(1-J85) -> 2014.8 | L85: 121 | M85: =K85-L85*I85 -> 804.8 | N85: Enterprise | O85: Direct Sales | P85: No
A86: ORD-0085 | B86: 46151 | C86: West | D86: Ryan | E86: P005 | F86: FocusLamp | G86: Office | H86: 189 | I86: 3 | J86: 0.1 | K86: =H86*I86*(1-J86) -> 510.3 | L86: 91 | M86: =K86-L86*I86 -> 237.3 | N86: Enterprise | O86: Direct Sales | P86: Yes | Q86: Customer changed mind
A87: ORD-0086 | B87: 46029 | C87: East | D87: Alice | E87: P005 | F87: FocusLamp | G87: Office | H87: 189 | I87: 1 | J87: 0.15 | K87: =H87*I87*(1-J87) -> 160.65 | L87: 91 | M87: =K87-L87*I87 -> 69.65 | N87: New | O87: Direct Sales | P87: No
A88: ORD-0087 | B88: 46094 | C88: South | D88: Jason | E88: P008 | F88: MonitorArm X | G88: Office | H88: 269 | I88: 16 | J88: 0 | K88: =H88*I88*(1-J88) -> 4304 | L88: 145 | M88: =K88-L88*I88 -> 1984 | N88: Existing | O88: Distributor | P88: No
A89: ORD-0088 | B89: 46064 | C89: North | D89: Emma | E89: P002 | F89: DeskHub 8-in-1 | G89: Electronics | H89: 219 | I89: 16 | J89: 0.05 | K89: =H89*I89*(1-J89) -> 3328.8 | L89: 121 | M89: =K89-L89*I89 -> 1392.8 | N89: Enterprise | O89: Online | P89: No
A90: ORD-0089 | B90: 46045 | C90: North | D90: Emma | E90: P008 | F90: MonitorArm X | G90: Office | H90: 269 | I90: 11 | J90: 0 | K90: =H90*I90*(1-J90) -> 2959 | L90: 145 | M90: =K90-L90*I90 -> 1364 | N90: Enterprise | O90: Online | P90: No
A91: ORD-0090 | B91: 46128 | C91: East | D91: Alice | E91: P008 | F91: MonitorArm X | G91: Office | H91: 269 | I91: 17 | J91: 0.05 | K91: =H91*I91*(1-J91) -> 4344.35 | L91: 145 | M91: =K91-L91*I91 -> 1879.35 | N91: Existing | O91: Online | P91: No
A92: ORD-0091 | B92: 46091 | C92: South | D92: Jason | E92: P004 | F92: CloudKeyboard Mini | G92: Electronics | H92: 399 | I92: 15 | J92: 0.15 | K92: =H92*I92*(1-J92) -> 5087.25 | L92: 230 | M92: =K92-L92*I92 -> 1637.25 | N92: Enterprise | O92: Distributor | P92: No | Q92: Priority customer
A93: ORD-0092 | B93: 46063 | C93: North | D93: Leo | E93: P004 | F93: CloudKeyboard Mini | G93: Electronics | H93: 399 | I93: 18 | J93: 0.08 | K93: =H93*I93*(1-J93) -> 6607.44 | L93: 230 | M93: =K93-L93*I93 -> 2467.44 | N93: New | O93: Direct Sales | P93: No
A94: ORD-0093 | B94: 46188 | C94: South | D94: Jason | E94: P002 | F94: DeskHub 8-in-1 | G94: Electronics | H94: 219 | I94: 10 | J94: 0.1 | K94: =H94*I94*(1-J94) -> 1971 | L94: 121 | M94: =K94-L94*I94 -> 761 | N94: Existing | O94: Direct Sales | P94: No
A95: ORD-0094 | B95: 46139 | C95: South | D95: Jason | E95: P004 | F95: CloudKeyboard Mini | G95: Electronics | H95: 399 | I95: 7 | J95: 0.1 | K95: =H95*I95*(1-J95) -> 2513.7 | L95: 230 | M95: =K95-L95*I95 -> 903.7 | N95: New | O95: Direct Sales | P95: No
A96: ORD-0095 | B96: 46110 | C96: North | D96: Leo | E96: P007 | F96: CableKit Max | G96: Accessories | H96: 79 | I96: 10 | J96: 0.15 | K96: =H96*I96*(1-J96) -> 671.5 | L96: 28 | M96: =K96-L96*I96 -> 391.5 | N96: Enterprise | O96: Direct Sales | P96: No
A97: ORD-0096 | B97: 46137 | C97: West | D97: Ryan | E97: P003 | F97: ErgoStand S2 | G97: Office | H97: 159 | I97: 11 | J97: 0.1 | K97: =H97*I97*(1-J97) -> 1574.1 | L97: 78 | M97: =K97-L97*I97 -> 716.1 | N97: Existing | O97: Online | P97: No
A98: ORD-0097 | B98: 46169 | C98: West | D98: Nina | E98: P004 | F98: CloudKeyboard Mini | G98: Electronics | H98: 399 | I98: 14 | J98: 0 | K98: =H98*I98*(1-J98) -> 5586 | L98: 230 | M98: =K98-L98*I98 -> 2366 | N98: Existing | O98: Direct Sales | P98: No
A99: ORD-0098 | B99: 46149 | C99: East | D99: Alice | E99: P003 | F99: ErgoStand S2 | G99: Office | H99: 159 | I99: 17 | J99: 0.1 | K99: =H99*I99*(1-J99) -> 2432.7 | L99: 78 | M99: =K99-L99*I99 -> 1106.7 | N99: Existing | O99: Online | P99: No
A100: ORD-0099 | B100: 46026 | C100: South | D100: Jason | E100: P008 | F100: MonitorArm X | G100: Office | H100: 269 | I100: 5 | J100: 0 | K100: =H100*I100*(1-J100) -> 1345 | L100: 145 | M100: =K100-L100*I100 -> 620 | N100: Existing | O100: Distributor | P100: No
A101: ORD-0100 | B101: 46189 | C101: East | D101: Kevin | E101: P007 | F101: CableKit Max | G101: Accessories | H101: 79 | I101: 18 | J101: 0.08 | K101: =H101*I101*(1-J101) -> 1308.24 | L101: 28 | M101: =K101-L101*I101 -> 804.24 | N101: Existing | O101: Distributor | P101: No
A102: ORD-0101 | B102: 46181 | C102: East | D102: Alice | E102: P001 | F102: AirMouse Pro | G102: Electronics | H102: 299 | I102: 10 | J102: 0 | K102: =H102*I102*(1-J102) -> 2990 | L102: 168 | M102: =K102-L102*I102 -> 1310 | N102: New | O102: Distributor | P102: No
A103: ORD-0102 | B103: 46136 | C103: South | D103: Jason | E103: P002 | F103: DeskHub 8-in-1 | G103: Electronics | H103: 219 | I103: 1 | J103: 0 | K103: =H103*I103*(1-J103) -> 219 | L103: 121 | M103: =K103-L103*I103 -> 98 | N103: Existing | O103: Direct Sales | P103: No
A104: ORD-0103 | B104: 46060 | C104: South | D104: Jason | E104: P007 | F104: CableKit Max | G104: Accessories | H104: 79 | I104: 6 | J104: 0 | K104: =H104*I104*(1-J104) -> 474 | L104: 28 | M104: =K104-L104*I104 -> 306 | N104: Existing | O104: Distributor | P104: No
... A107: ORD-0106 | B107: 46139 | C107: North | D107: Leo | E107: P005 | F107: FocusLamp | G107: Office | H107: 189 | I107: 13 | J107: 0.08 | K107: =H107*I107*(1-J107) -> 2260.44 | L107: 91 | M107: =K107-L107*I107 -> 1077.44 | N107: Existing | O107: Distributor | P107: No
A108: ORD-0107 | B108: 46202 | C108: North | D108: Leo | E108: P005 | F108: FocusLamp | G108: Office | H108: 189 | I108: 13 | J108: 0.05 | K108: =H108*I108*(1-J108) -> 2334.15 | L108: 91 | M108: =K108-L108*I108 -> 1151.15 | N108: Enterprise | O108: Online | P108: Yes | Q108: Wrong model ordered
A109: ORD-0108 | B109: 46096 | C109: South | D109: Jason | E109: P008 | F109: MonitorArm X | G109: Office | H109: 269 | I109: 8 | J109: 0.15 | K109: =H109*I109*(1-J109) -> 1829.2 | L109: 145 | M109: =K109-L109*I109 -> 669.2 | N109: Enterprise | O109: Distributor | P109: No
A110: ORD-0109 | B110: 46183 | C110: East | D110: Alice | E110: P003 | F110: ErgoStand S2 | G110: Office | H110: 159 | I110: 10 | J110: 0.08 | K110: =H110*I110*(1-J110) -> 1462.8 | L110: 78 | M110: =K110-L110*I110 -> 682.8 | N110: Enterprise | O110: Online | P110: Yes | Q110: Customer changed mind
A111: ORD-0110 | B111: 46098 | C111: North | D111: Emma | E111: P002 | F111: DeskHub 8-in-1 | G111: Electronics | H111: 219 | I111: 6 | J111: 0 | K111: =H111*I111*(1-J111) -> 1314 | L111: 121 | M111: =K111-L111*I111 -> 588 | N111: Existing | O111: Distributor | P111: No
A112: ORD-0111 | B112: 46065 | C112: North | D112: Emma | E112: P005 | F112: FocusLamp | G112: Office | H112: 189 | I112: 10 | J112: 0.15 | K112: =H112*I112*(1-J112) -> 1606.5 | L112: 91 | M112: =K112-L112*I112 -> 696.5 | N112: Existing | O112: Online | P112: No
A113: ORD-0112 | B113: 46080 | C113: West | D113: Ryan | E113: P003 | F113: ErgoStand S2 | G113: Office | H113: 159 | I113: 3 | J113: 0.08 | K113: =H113*I113*(1-J113) -> 438.84 | L113: 78 | M113: =K113-L113*I113 -> 204.84 | N113: New | O113: Direct Sales | P113: Yes | Q113: Wrong model ordered
A114: ORD-0113 | B114: 46195 | C114: North | D114: Emma | E114: P006 | F114: TravelDock Lite | G114: Electronics | H114: 129 | I114: 12 | J114: 0 | K114: =H114*I114*(1-J114) -> 1548 | L114: 67 | M114: =K114-L114*I114 -> 744 | N114: Enterprise | O114: Distributor | P114: No
A115: ORD-0114 | B115: 46179 | C115: South | D115: Mia | E115: P006 | F115: TravelDock Lite | G115: Electronics | H115: 129 | I115: 15 | J115: 0.15 | K115: =H115*I115*(1-J115) -> 1644.75 | L115: 67 | M115: =K115-L115*I115 -> 639.75 | N115: New | O115: Online | P115: No
A116: ORD-0115 | B116: 46100 | C116: West | D116: Nina | E116: P001 | F116: AirMouse Pro | G116: Electronics | H116: 299 | I116: 4 | J116: 0 | K116: =H116*I116*(1-J116) -> 1196 | L116: 168 | M116: =K116-L116*I116 -> 524 | N116: Existing | O116: Direct Sales | P116: No
A117: ORD-0116 | B117: 46173 | C117: South | D117: Jason | E117: P007 | F117: CableKit Max | G117: Accessories | H117: 79 | I117: 4 | J117: 0.08 | K117: =H117*I117*(1-J117) -> 290.72 | L117: 28 | M117: =K117-L117*I117 -> 178.72 | N117: Existing | O117: Online | P117: No
A118: ORD-0117 | B118: 46078 | C118: West | D118: Ryan | E118: P006 | F118: TravelDock Lite | G118: Electronics | H118: 129 | I118: 8 | J118: 0.05 | K118: =H118*I118*(1-J118) -> 980.4 | L118: 67 | M118: =K118-L118*I118 -> 444.4 | N118: Enterprise | O118: Distributor | P118: No
A119: ORD-0118 | B119: 46038 | C119: West | D119: Ryan | E119: P006 | F119: TravelDock Lite | G119: Electronics | H119: 129 | I119: 7 | J119: 0 | K119: =H119*I119*(1-J119) -> 903 | L119: 67 | M119: =K119-L119*I119 -> 434 | N119: New | O119: Distributor | P119: No
A120: ORD-0119 | B120: 46187 | C120: East | D120: Alice | E120: P004 | F120: CloudKeyboard Mini | G120: Electronics | H120: 399 | I120: 11 | J120: 0 | K120: =H120*I120*(1-J120) -> 4389 | L120: 230 | M120: =K120-L120*I120 -> 1859 | N120: New | O120: Online | P120: No
A121: ORD-0120 | B121: 46173 | C121: South | D121: Mia | E121: P004 | F121: CloudKeyboard Mini | G121: Electronics | H121: 399 | I121: 11 | J121: 0 | K121: =H121*I121*(1-J121) -> 4389 | L121: 230 | M121: =K121-L121*I121 -> 1859 | N121: Existing | O121: Online | P121: No

Sheet Products
A1: ProductID | B1: ProductName | C1: Category | D1: ListPrice | E1: UnitCost
A2: P001 | B2: AirMouse Pro | C2: Electronics | D2: 299 | E2: 168
A3: P002 | B3: DeskHub 8-in-1 | C3: Electronics | D3: 219 | E3: 121
A4: P003 | B4: ErgoStand S2 | C4: Office | D4: 159 | E4: 78
A5: P004 | B5: CloudKeyboard Mini | C5: Electronics | D5: 399 | E5: 230
A6: P005 | B6: FocusLamp | C6: Office | D6: 189 | E6: 91
A7: P006 | B7: TravelDock Lite | C7: Electronics | D7: 129 | E7: 67
A8: P007 | B8: CableKit Max | C8: Accessories | D8: 79 | E8: 28
A9: P008 | B9: MonitorArm X | C9: Office | D9: 269 | E9: 145

Sheet MonthlySummary
A1: Month | B1: Revenue | C1: Profit | D1: Orders | E1: Avg Order Value | F1: Returned Orders
A2: 46023 | B2: =SUMIFS(SalesData!$K$2:$K$121,SalesData!$B$2:$B$121,">="&A2,SalesData!$B$2:$B$121,"<"&A3) -> 25674.34 | C2: =SUMIFS(SalesData!$M$2:$M$121,SalesData!$B$2:$B$121,">="&A2,SalesData!$B$2:$B$121,"<"&A3) -> 11199.34 | D2: =COUNTIFS(SalesData!$B$2:$B$121,">="&A2,SalesData!$B$2:$B$121,"<"&A3) -> 17 | E2: =IF(D2=0,0,B2/D2) -> 1510.2553 | F2: =COUNTIFS(SalesData!$B$2:$B$121,">="&A2,SalesData!$B$2:$B$121,"<"&A3,SalesData!$P$2:$P$121,"Yes") -> 1
A3: 46054 | B3: =SUMIFS(SalesData!$K$2:$K$121,SalesData!$B$2:$B$121,">="&A3,SalesData!$B$2:$B$121,"<"&A4) -> 38158.58 | C3: =SUMIFS(SalesData!$M$2:$M$121,SalesData!$B$2:$B$121,">="&A3,SalesData!$B$2:$B$121,"<"&A4) -> 16381.58 | D3: =COUNTIFS(SalesData!$B$2:$B$121,">="&A3,SalesData!$B$2:$B$121,"<"&A4) -> 16 | E3: =IF(D3=0,0,B3/D3) -> 2384.9112 | F3: =COUNTIFS(SalesData!$B$2:$B$121,">="&A3,SalesData!$B$2:$B$121,"<"&A4,SalesData!$P$2:$P$121,"Yes") -> 1
A4: 46082 | B4: =SUMIFS(SalesData!$K$2:$K$121,SalesData!$B$2:$B$121,">="&A4,SalesData!$B$2:$B$121,"<"&A5) -> 47245.48 | C4: =SUMIFS(SalesData!$M$2:$M$121,SalesData!$B$2:$B$121,">="&A4,SalesData!$B$2:$B$121,"<"&A5) -> 19579.48 | D4: =COUNTIFS(SalesData!$B$2:$B$121,">="&A4,SalesData!$B$2:$B$121,"<"&A5) -> 22 | E4: =IF(D4=0,0,B4/D4) -> 2147.5218 | F4: =COUNTIFS(SalesData!$B$2:$B$121,">="&A4,SalesData!$B$2:$B$121,"<"&A5,SalesData!$P$2:$P$121,"Yes") -> 0
A5: 46113 | B5: =SUMIFS(SalesData!$K$2:$K$121,SalesData!$B$2:$B$121,">="&A5,SalesData!$B$2:$B$121,"<"&A6) -> 36715.24 | C5: =SUMIFS(SalesData!$M$2:$M$121,SalesData!$B$2:$B$121,">="&A5,SalesData!$B$2:$B$121,"<"&A6) -> 16572.24 | D5: =COUNTIFS(SalesData!$B$2:$B$121,">="&A5,SalesData!$B$2:$B$121,"<"&A6) -> 21 | E5: =IF(D5=0,0,B5/D5) -> 1748.3448 | F5: =COUNTIFS(SalesData!$B$2:$B$121,">="&A5,SalesData!$B$2:$B$121,"<"&A6,SalesData!$P$2:$P$121,"Yes") -> 1
A6: 46143 | B6: =SUMIFS(SalesData!$K$2:$K$121,SalesData!$B$2:$B$121,">="&A6,SalesData!$B$2:$B$121,"<"&A7) -> 51838.98 | C6: =SUMIFS(SalesData!$M$2:$M$121,SalesData!$B$2:$B$121,">="&A6,SalesData!$B$2:$B$121,"<"&A7) -> 21174.98 | D6: =COUNTIFS(SalesData!$B$2:$B$121,">="&A6,SalesData!$B$2:$B$121,"<"&A7) -> 21 | E6: =IF(D6=0,0,B6/D6) -> 2468.5229 | F6: =COUNTIFS(SalesData!$B$2:$B$121,">="&A6,SalesData!$B$2:$B$121,"<"&A7,SalesData!$P$2:$P$121,"Yes") -> 2
A7: 46174 | B7: =SUMIFS(SalesData!$K$2:$K$121,SalesData!$B$2:$B$121,">="&A7,SalesData!$B$2:$B$121,"<"&DATE(2026,7,1)) -> 46031.15 | C7: =SUMIFS(SalesData!$M$2:$M$121,SalesData!$B$2:$B$121,">="&A7,SalesData!$B$2:$B$121,"<"&DATE(2026,7,1)) -> 20181.15 | D7: =COUNTIFS(SalesData!$B$2:$B$121,">="&A7,SalesData!$B$2:$B$121,"<"&DATE(2026,7,1)) -> 23 | E7: =IF(D7=0,0,B7/D7) -> 2001.3543 | F7: =COUNTIFS(SalesData!$B$2:$B$121,">="&A7,SalesData!$B$2:$B$121,"<"&DATE(2026,7,1),SalesData!$P$2:$P$121,"Yes") -> 3
A8: Total | B8: =SUM(B2:B7) -> 245663.77 | C8: =SUM(C2:C7) -> 105088.77 | D8: =SUM(D2:D7) -> 120 | E8: =IF(D8=0,0,B8/D8) -> 2047.1981 | F8: =SUM(F2:F7) -> 8
